id,sha256
0,f7a20143b4c002d9866abf84ad0297d4b35b30d76f0a83d301e68ce03e8898b3
1,91765f69c8c31467fc442aafedfa8f39f35023bb7fb084bb704b11dab3b3a7b7
2,6c6a662409bc5d738f8c388948a21d16bcf39dd9fd44a84431d617816be73342
3,3bad6033988191a2d34ad597b5cb4cd8dc9dc52b209c0f4de315649a03cb653a
4,320197f2ba6404ea523ff23bd026bd62bf644a747cdf8f6253779367163591a3
5,1b94939cef87d9e4fad3c89b69d4c5e24530a446de28f95f94090ebda60d708e
6,114e41759defee8c8f3aacf965c88b921f39b871bacf2416db15f4766677958c
7,e955191376286b4abda6d7ca09114df24c0fa20fadc25a82a667e94cae730b22
8,f95214b2985a06a547e7ff784521742b78854199f3d6e74b14813fbc6caca085
9,b55921f14da9fb9b0d9b4a4b9797459ec1eabefc7062c7112845521252577a9e
10,d9636e5868cb97e5bbace9ba37d44d3d5f469c241e2b54476ee06c36c43bc3de
11,23e5e738aad10fb8ef89aa0285269aff728070080158fd3e7792fe9ed47c51f4
12,95ec269a211485959aa719794be8abd8a0cb7f1eca51173c9e5d6a5d81891718
13,a02414757b2140e55675ff6b8ca1c210aeb4d1e7f95cc6ee839c41b8b88fc19c
14,267be84e247752c36aa4cb23ff7e0ad930071b43b12f715a31ad0ec334ac6ae8
15,4c71395276efef89837b718fca90749f51527ffec6fc01fa6a23e27f0c185182
16,869e7d72df9e2957cb1e01775c22a1b3ea50d14f889d6908f9107a4e6f0ae4ff
17,666ab05ca31763d8d6984fa28993f43aa139375c53e40aefe1319badaa99605d
18,e44782cd2359cc37aa105de504f46319a1e211b3a83b0a2d68a6eca59b3a5757
19,04344a2c7ee3f5e04e828f95f7ac4c5634988e32b33a3c173bb55ed139b55c61
20,512d39ab6eae8085df30ba2ec36dfc9779239e96cbce570767a8df69548d3a70
21,e8468aacde1a5498ff12767657232a2c13c34f1d46f81671f374545f31348425
22,e3a5f094d6c0e4c889be1ac390e7186282ddb9ad83da9c6cbf7707735014627e
23,5a58acd235587284e48ed3fe70fb4bf7d6e682c30e754517e83652b47823d465
24,ef03966a4515b56f9bb87af098492b36f9f3ac5a55fab0a3e03d7b824b9d4865
25,6152a2a699eb31a83e7dbd1aad0ef17960ef51dbcca4a261e657b896d05a36d2
26,11f2bcb2e28399148ea1fc07c6f120861367fa9fa00ec4320d26aa89ad10988b
27,bea22c18a4c0f2c006c9fe38e2ed58494474bb5ae32ec11260f5c4d5c4274006
28,1dd8e1a2c4db2c30a2d7eb92cf71ee243d57b705166af745a10f9416d787b352
29,72602c0ce30a21fdf807c1c6330278076ff7e1409f93caef319c6abe3381d994
30,245468da071ad0c24d09f1e66cb9374c453bcd1e5049397838379f8910a9559d
31,df35ae7ff583bc790ae5f0934cc002bb1c0e13193387b216476217f3d7793bfb
32,82eae48cc6131ff91fc94ee022d2dbe8669eac308614f535c5c78bd8d060d242
33,f3af980c1acbc1f43a7414497319fb937ced821d07b46b40518b403a4ff85896
34,db1301bb71a654e45a9cad43b39da923e355b321c4613de85f06e6b15c742029
35,fbcf67f4fc47eafffb22e9fb224c5449aca5c2558119fc70693ff0cd0ac49bc8
36,3e2e31be9493e8cdc5e126311fb3fe9641d654a59a73ad0d6233e95f416ba564
37,dc22a02040ff617ef8551488584dd8cccdf8ffdf2ff7ecc431a5e0ea39f39700
38,77bc23988b13adea7f82347713c98f0587b2151296396acea97a43d2cde9b34f
39,a1e802e1f7a7cbcc4f5c4105cafc1b95b2e677f4c9ce4c2cf4ba63a9f5f8e590
40,8a81bcf9f80c6d31e8ac25a15d645359d81f0b0208281b25d5d8e5aaeea3e728
41,3e13becc7c85c481f4fe3a5969496dcf4b44ff8a119d5b664f57c5b1ad81cfd2
42,e8f639deaf1841e5ab1ff0b151a766f7ee3ef46dc666eb9b39bcdc3f2ecac8bf
43,5a3c024c0f78734774ebae2ac1fc332cdcd92f91cd181b34ac0f1b43faf1a7b0
44,093c50a090140d2320a2dfa942c690b4a52096076fe2fe644deb5887b1a11c27
45,3b6892e53214bdc99a1c2d74de3730652f056ac037f12ab09af6e9b8bd64b93d
46,35a70f4bcc3db930cc15be1810fbdb17f341e2b917fc7110479496dd197eb4ab
47,f51ab6b7c715b3eae5a08667906e23398d9256ce9f392821178c8dd7c344638b
48,275718fde13851b097f7265cabc2260298eb7287e204864804d3b12f72262b72
49,bf2f5af004760fba21d9cb06fcebe41d6893e7930631b02deca1284e1cbb216e
50,e9339747b31f576e6d4049696a4f4bd7053bcd29dafb0a7f2e55b8aab1539b67
51,a1e10651dbe5452b4402ca4c9d32b50db3f24243e12768337a2bef8f3caa4453
52,54ee518fd05b11641325256416adf4cb9a56cdd4335fa32cb4fce45dbe38510b
53,8445bd2595e9317cb9fabb37d3d61d2ffbc7290f3302f00db08cfe4e6472d8ec
54,8e8e9810f5fca11afe834f0e07b9841dd613899f396f2f9ffba54ec455dcce72
55,340e5a65a7a2cf967f34080f7710b84ac5c3eb5f7aee8122bc8f3d0e9f4577cc
56,5b7ae10ae898d016a5619222867ed32d939dbcef0fb258bac3b93c450b82062e
57,3f33734b2d34cce83936ce99c3494cd845f1d2c02d7f6da31d42dfc1ca15a171
58,1e471045189e8c250aba9e1e5d847f5df5a6f7efd1ab050568ec8c892f4da230
59,8c49346229a35b1487c6e335ac533be6a7e3f3c2b598d893d621d53a4f9d2075
60,2ddc172d950d1b0761fa12b61a7a38ab292c252d3789d09ac3771fe5c386e931
61,5c7f6ad1ec4bc2c8e2c9c126633215daba7de731ac8b12be10ca157417c97f3a
62,29237b0fc7d821f082c830f14471050c3bf1caa5ab925129128eb95f5e3d28b5
63,e668cefeb332dcd59afb2e0996017daf1c45f673c4eb915051efb861706c3329
64,a539ff59cd61f322c5d64c2fa6f00f6082e468ea0cfaf7f536777c4b6672fb1f
65,47b5e7cdf5c4384fd2ae7cd517886c74f7005adeb62bb22217393c3902b82bb0
66,21e897fbe23a9ff5f0e26e53be0f3b1747c3fc160e8e34fa913eb2afbcd1149f
67,d3adae015e6356f25e93c7ab2018b21a8f1164e6d4ef990b7b7b516cbd78f9f9
68,55405b3ba32750c1767ec0bba04abac9e160c3f02b73733d9fbe92ba9027ec2f
69,045acd6de0321223ff1f1c579c03ea47a6abd32b11d01874d1723b48525c9108
70,910c903972ddb4409481c473eab0b72705c719d73b1cc6f7a14e74d6206bba48
71,95d0cc8aaa9c43cfa1a573e4bf9ee098d98bf111da8531630564ae27e08cbadc
72,93c6a6cad997208edf0d4f42dc40349c3dc32e9ffcee442b898ad6d6e2e0b147
73,87a9a555325506c850357353d6394340240274b19e372b69c0fac547b62ca85d
74,2659b9eb6a4d7f436fe110b97f695d73640cf9ae27d1308bf1de13c56eb1e832
75,86e61491d8f156d256b17b7edc75a8c65a1f3c7a3922b3b20137d676d9f75c34
76,9ec8bfc402831a835f0dd4e7ffaa0881ef398fdf1f4b65441635a3166db7a148
77,fd113394c31c49d4096adc240e24bd1f13e3450b798f658c95a4d741ae501dca
78,5afa4753afa048c6d6c39327ce674f27f5f6e5d3f2a060b7a8aed61725481150
79,71c8c0b87172beb0ebc1bb67c75e43235963a81a85342125256323ecf51cad57
80,2cdc717bea2a3a8df4e3e729c0f4b0259a0f2401d760001caf24b09d56619843
81,30ac588af12935e1f416f3f52098caf7496858a69b664d1cc769de87bdfad02f
82,e93a2f5d6ac01a62bf754c54b65b1d6ceb03125bfa3b6d9be5768b24d945747d
83,44364e685553d8a14c445d3312ce8561956115b574f265c03336b36a7043318e
84,3dfb72cc3c3c2bee220d80a0049cd329a0ca4735bd8a6acd603952b120653be5
85,c018c541ae8e3b9695a4c75cf1569d907a846f8250cc50a939414455513afdbd
86,ba88df39d3575d90b2681cc82e23c83df6f81657dc8d951f7378df4cecdcf218
87,5be2032be7856770fe7acf5aec40d8ca13bc1562aff2d348f6ddf47101f8c508
88,5d644cffadaf5ab012354cfce418f0f69210fde0485eb9704470f8aec0dba668
89,64f22de7a1e2726a2c649de133fad2c6ad089236db1006ce3d247c39ee40f578
90,d26a2022c3e782a51aa3f0a08322f7f857aeb8f76a2d7c6e70f0471ebc1d0b55
91,70750e1b7d00c6a6a804bf2fbaff539abd71788bf0889fdd351b728a5948045f
92,5e3dc77222875f5e10ae2c4cd599798744c3ccc1daf7aacdbf3502cbbca5e15d
93,8647d9d913d156aa9df84754cb57a9b24af522d8cdd4817e80bc8cbf53dd59eb
94,43d7b06f90055f9c571a2fe8475be81a9a4e1e55ea08c53795bf98bc34e2b40f
95,6e5876cae1b0e5fbe329978ade3fb0cf85c9ae19a8962308ff4e8a57c2487688
96,ba6f3581c5bcdbe7f23de2d8034aaf2f6dc0e67ff2cfe6e53cfb4d2007547b30
97,62f65335f5c738fd4298727f3ce4d7a3548f832dc384e9d27782cff97d15be3b
98,8a4f957c9326d1868c1f079e908d444714da6eb9a9bac0ca97fee423b4620fe2
99,d637c65b3678b9545f99d534bd55e3ce9bf00ab0da99ab1a67b5e8c177e54de7
100,3a5a96f3c9671af589f56c46b7fba7a3d3bd2a8e86383c761526a71cb4263349
101,228b7fd5cce9f653e51a7402bdd9d8658d4d18d40db3d02e3634640545311831
102,9b35d0510665ac58ecccda49fa2a0648fcc1348a03445689bdb909b22939fe6e
103,3a4faf34bece4475eabd0742389b29e561bbdc1785da69bbf44c012556043ac5
104,8f1aa8be4d7efcd1403b8453c2af996eab728a7c548547eb015018fe731598fa
105,1dc1fb5ed40825e0bedcff4c932c49ffd67b410a920798428427dac333e097f4
106,71236b6c8ac1258cc6fa1753296e88a030724af23d2222f9d0cd58e7e98c4a3b
107,2b8b7d48e7a8dc0ad0c1e480fd3f221188afada6d6fc55522e5f26a37fbf7667
108,7b85bc97515c95566ae5351d5c74440bd2b127f509e3d88ba301833c62a43ac5
109,5efb2703f8de3b1b665335013652d96e1550432a27f9a82ca01a328f21af5878
110,b4c3fac1fef537553d2c95c746738134dc7ed780ee5e8f19b8d633049031f002
111,9cabd3cab5efcee24c4de7e38075b2b2836ef3429e896a2f715ca2c4511ae60e
112,75f4d1d56dc97f2cf367e2d15fa7bbe7d8288a19111122815444754de18eb55b
113,d3cba5dcdd6eca4ab2507c2fc1f1f524205d15fd06230163beac3154785c4055
114,1ae7a3155ee2ba30e1cf1cd5c924c93551c6069ff0386125273c2bd09fcebff0
115,a7908291984b6604285d4a220f6ea02dea57c5525b9db4945bd6a95757bf33c6
116,b99efe7ac55dfefdfc2ff1d827a2e7b9a48e87c253ff2de30661b534d19d1297
117,dfdbbf840ce9fbd7887357d66786187dcd79a42d7bd6655bfa84a87386d36a5a
118,f04bcc7790d5f22eb365af0442211865c2b0655b735ab4af33eb790106b00b51
119,d0470cdcffd5877e1608ad458afe41dfcf331527fa3fb2fda5041caa10f5133d
120,e05257cd09a91f4ec4844f5a1f77627ede8a5114e251c79ea89c6bdaf35fd3c7
121,b488eea412b121d77b5d27d51888485bb640f8c61da8fa3140bd734b315d6ad2
122,de6c106a02cdbcbb1c61e18c7ea5b0fcb7e121b6f25a0b5da816fbc7d44358d7
123,39e2b9b5aeddb4f138af8274df186f90c4731e96fdef8116918cc3d9831cbded
124,7ebcdb7bd2fb199c9add373b8a58dc310d025c58467f60d8a66c08922a3b792e
125,4617ee39f7ce185cbec22957055f3b59faed7c9d2cec561eb96b9a9f8e733c76
126,02932052fafe97e6acaaf9f391738a3a826f5434b1a013abbfa7a6c1ade1e078
127,b2afc5c77aeb4fb9ecc99390f40008bc4c9a7497599d1b5782f5a34ef6c858c7
128,4ae5f50160f0a324ec2b456048fc74a456b83815f118ee01fce20855c7fd2281
129,368f8ca9a3ca96f1e92a61d57cde4e69c408d3bae3c137e8e794bc643b175518
130,1600c4832ef2aae8f849a0f4d6c43ec4976418ea5264c0669d938bcaa785b494
131,1582fb8655cfeadb00497d8d838d0058578416032bc964c55a204a232492a318
132,562ca526bcc71142ce24bd9f3ec023e2f63ff8c63eceed5c0db7a4e699ccd305
133,fe397d878783eaf8a596e3693d025cec3676fd9cb7f3d25a5e3e3631563f0b2a
134,2adc900fafa9938d85ce53cb793271f37af40cf499bcc454f44975db533f0b61
135,e5b028ceb8a13eed409ff83ded38c182838b416864f673326a75cb28626116e0
136,7d7d65725d27a5580a036c4f41762f61d943cf47b3002df759fcc1cac2dacf98
137,7f4e6d8a154ed26cbd126e60798786782c85657f7211e956e6f6c82cd084013f
138,47780d2581be8ae1fc9b97b4b28544044b7b90cf76c4baa269f768f2440fc6d3
139,be4ae5fcf528a9e2543a1ee711e89e0ada498cdea49a095e5fb4a6dc87281baf
140,0bc26b339a9bb99fd2c70748218556cfe31fe6640f0b32110c3b85a74876e65a
141,e31f43f734443473bf2566d5a6f56a7a903813518d2a7735162fc008cce6d7d6
142,b6920494139e41c9960c70de5db6e3db789e4b8335fe170711ece3addfac85b5
143,449bfe11b9ccee15cfbe8914b319dd346f694b5e6c031b6a58af229f07b98243
144,7e49b25c15a26dcdceaee3643b99c37d5de04ace04f505cb2f8ae31f8c4e7afb
145,b16819e6b2b77048d977c345fe7f0c9adea6aa26483d816be1367e812ce4854d
146,823b47db95c28a1f5906d9b92070d34913027b8562c6d0aa1ffcd824b69b347a
147,9983207f0eee640cc4a55d72b309a5ebcb103c3016bdef1d4d70df7bf0f1e5af
148,ac02213e39f09cc5e8710d8e3c7546c7aac6aec2a9c17877573d105c8fbdf8b6
149,49f2c739e7d9745c0834dc817a71bf6676ccc24a4c28dcddf8844093aab3df07
150,263be5c65cdcfe246a2c06d7a20f7e7848f53877546c65b3f5345022e546984e
151,b29f39e5b6308f96e050ce7fade45b325b755d85ad1bee3098f292491fb6eae3
152,7aa983f517725a890ee2febfedf5556a643bd3548b49106927a8608c7218ed8f
153,29e7ffae60534d8abacfd039001c64f0ecc5b6ce9c0186e079fb17c079c100bd
154,a70fa77795ad3e5339515b43fffccc43133cd5a47f1cb5f4fba7c1c5f8084f94
155,b9b92307d9fffff9f63c76541c9f2b7447731a289d34b58d762d4e28cb571fbd
156,0d301e991e72841ec059c65f0b0374121ca21e8e572ea685196522396548d9eb
157,d410b4c3ed63bf780da9af227285a0035300103e7f0ddc3d8683832e13c88d2e
158,1a56c033e9ffe3959ad01647b9dc32a9f34ca5522f80c53bb5e5b14ca9989c92
159,81049596dba2b3d39247c4bc6445fb094dce512919759f48f6005244b8a6de59
160,eba01bcee9b987fa537f42886d256ccc1b8eaa99ed433ad7165c6fcdce088d16
161,17efbce5799b50c27779fa244ee5035b7c02249db495e02c8702a45c29b68d5a
162,52a015f0f91f80910dde1ae47b23174ea8dd1b0fc6a41dac1da157b2c64f5dba
163,57a5d0da72655df9c5ca9137df7210b86845eeabae488537c70e36587274937c
164,60ed01f9b7146309341a60e61b0014ec66a58b06cadba61a216b425635c694c5
165,ca65bbdf4efda69bb78c88e05b49d9cb9421e45ed2e9398201cc2f88469dbfc3
166,586a1287fc1384e97026c55ed4d750dd7fac4b44f78cbd71a5dd44ba3db66eae
167,717cb6dd14b9e29f65bdca3c50c58c51d2e9f745afe5ee5ea4a203087a84df5d
168,72b3636718456d99a3d12267baa7b94d2e58a996036c2d39505e3e02ad38d94f
169,c1e746cec0995a3921cd7db60cc4363abe505adeb0e91ce408e5379f20839863
170,1a9c3aeaf8db851c8be2377fe077e6de8555439299fdd6a4be43435617588f00
171,287b35a664c80c95f9a558cb1dd998dbef7da46736b717b406bd29e13c6cd05f
172,575dbb43bae63b54cbf0f4a89487caf23eed86cf4d425afff443cab54fc0c32f
173,9481030f9e6a345184977f0c27dcbe389ac4cefe44264c0c2fbe2ca911715ebf
174,81064480afc6cdf97e57802f5c0f58f775128ad06961302f2a123adb93c7e57a
175,1e1755485a01f637ed3ab11f46606b123256219cc1bd223e2f194ec2d4eca861
176,0812e86ccf264bb4a049042bac5047ef845628f6d185bbf76897e4e9013ba875
177,90f860b10c055cbc7de5ac12caf98eed1c6aa89c3b774928da3de0906d5602b4
178,d319c9a439b26cc57917e925ba73ad3b396216a1ee0cb3d020eddb2ef0eabc95
179,845d0e178aeebd6c7e2a2e9697b2bf6cf02028c50c288b3ba88fe2918ea2834a
180,a28304f022bfdd97465b1da36b8cb4a0f9e386f5293e35388d100edfcd5d837d
181,f361674688903a8e34780572b865b4f35cd1f2c0f1d0c5008fe304b458a50ad7
182,44fcbb473fe428c8a44e036bc3e6aae07af47a6998badc7a063d07c77378d0f9
183,f2caf7dde4d99bd4a5368bcc1444172e304ed2d62bebe8e32fd53ab0807a0f31
184,98bf7596731c883ec876548f532cb2a3d5d752552bdef39547915b240aefa211
185,bed8acc75642e36507d48190aa316b5b5faf98c2a1bece5d354258de3a6d7708
186,b876f1966229aa83015f2d97f840afa3612088a7ed2139a89d94bb7587a80177
187,cd589ac988419d7096682b893bdd21808b36eba3380eb66cc254e9b07689d1ec
188,f0d02843a39becc662a1edf64509955f71058f70e9074393e1f55a3b29abfba4
189,74b315db9d594fcd810f4d61081352cd51f7732158e244d7df4f03707295b218
190,c8e1630cb3e2fc633f93321b5089bec7398be1c1b3e8e6624ffb26a29dbac126
191,b741132e54604bda03996c412748f76edda33055c03acf9b3d785686dffbfdd8
192,1849980ba8f00cc86fde3c02244174fcea005f64f7d765b3292d3e33ba738205
193,1259ee90dfbfd09317a198bce3c1e0473bf3ea43601d389c60fe6ce930c28dea
194,9167ea765d8bf5d4ef6f4ea0e5db7ac9aeb7e4b3066a4b878765aca05fc7c0ca
195,781b05302e7b728bf6b182551ec411d9bd13e03a5ef91938f405c76c8f9cc2ef
196,8ea697ef2bf2895a8ee1c3f05806cb70b6cf05edbeca67ec5af0a8c1d776d3c1
197,48922dfefaa842a2cdf831ef8d6c996729623f3236e9147b9b87e5ce760c2d70
198,620fa540f840a7bf86394cee44660a2ed93bb8f289038843cc4308dc9ef7dec8
199,22ce4e3e40a99103b7b3e0ee0e6482974f09d1f2718e5f7d26dfffbb02072136
200,b9d036d7719fa6a34ec6962de077bf8e34f65d54c65a2bf16aa9c3163b49390d
201,806cec6ce582b66fc1530957e7fafc09206db28e0e49d4473212c5e336380d58
202,17883f5fd7be956a5dd1c5d0aa1c8af76b2a87c77e9e09bc6cbdb83913c9f469
203,8f908915bee401d6d89e2329fcca596a4eeba81d5905720f91754bc7c6f0e593
204,ca9e37217b86ccbbc1570decd97c3ee4f141e120c38d3569d9bfed885c28cc2f
205,d212a6d9aad594f502753d1db441ddd5d1610f903a82f94107030853a2101622
206,c4ca143d2ff90835926b85f1957e9d56bf46684c11478929ec6a1fd2ee23b4e0
207,6c1ddbd1f2a724d6fbdc75ee47ded3b0c07982b563bb2cc76859f1437dc15425
208,71ea90d936192bcd30b0c3afacbf1ac90f1e019de6d7eb9f8ccd6c30839a7aa7
209,55d808a8207602efdb8e4a98c2ea0605b74a2d6d7eb7330cc58b05be33d060b8
210,a0f38a0bbfe7c187c52ceff8d105d47d5302656df71e0eb8e018ecea354b7857
211,de3ceade8ea827469fdd219d4e7b1ba893bcc1a2e1bfa541e00a43b87292d9d3
212,f3954e3ea53c252718f086308392192c83e62281096319bdd904f484617e0474
213,4f3a67bd3efe73d0e13ecba7c32a6fd91ff03758fad8df9ea26c8164bddbc9cc
214,e84f1e09cc87882f489056a8400b5c28dcd0edb82d0e1e34ac5f421a08331e40
215,63ed3a6b94d13d46185d79c9662a34e8a9a6ee0d5ca02f06d9155422d36fab8d
216,dac3a32ba0b4ab1b888039d090b9c701f53792afdabef35de64972d9a707604c
217,9d1039eaf10c98bcd5d696edae4eb7c0cf82cbe349517f19e6927848a0d1ea48
218,2bcc602c4824d9078acdeed10bd39524212d0e845b4b0774ad3cdafdb505dc0f
219,3f9ff8b4f9d6cae8233d27cffa773da0fc45e549ad5606d78bf2590b33a7f40d
220,d172206ad9140ec9fbe7e081f11e1971aaf20d128a761a9b614c15c71d2d1a25
221,152a42e8c6b7f9f73cb8f6705d280ef4d4e9d6063abca2d8a27e97137026e8a0
222,dc7ed48d8a18c4316badf3c8e75866383e2b3ca21f6db6ae6c59913ee92fec14
223,de62844297547e42db96b1eef36bfda88886f5c94749311523514638ab1c24d9
224,545c091e4fca62c5f3c401e64a4b154dd19662de56d43d3a83e785d16a595020
225,f8980a3225c839bd689d9bddabd50e964fd0c8d20bb51a5cab479f585f0ba385
226,4be5e3c769d39a87027700fed3a9a2744590aa051a62bfe44d49194afb929620
227,d1e70ed0751de243e7f86c1d095a1df780833b362b1cb9c02889282a0236f08f
228,1adfee058b98206cb4fbe1a46d3ed62a11e1dee2c7ff521c1eef7c706e6a700e
229,fffb52d51e9688cc08c2a2ad0d818528174eda3e9738c7df8d009301bd127419
230,334376c3bd1a868c574bf6c6b8cae9c17e6ad808f6c57b65dfb2e347b4d94b71
231,0a7c51f40a3feb75cef27cb864fdbca465795a7ef55522488ae683f8d7ad9574
232,575d17f6d779e749af1275b768080e7b5bc137bbc9d5c9a3da5ca7a2a23800cf
233,5486fd6119eeec2baa839277ca9f109fae57482f4094c119ead02c4cc9ee323c
234,57a9a27dcc8f0d8108d1f4933b4f72293bfabebfca350c1da05b2996e4372fe6
235,c37cde339f74e0cc94be857798a7115a191fdf02be36122db10a250b77b8d34b
236,48f716a590a1b8f58ab972cb175b5b82cb62616603aeee1bbb3391cdfff15e44
237,9b2ee59d849a19ddedce068d83ae1da6d40b22f615a97bd102b0e14943b07259
238,db7fecfebc99d573d5ad3c98526beb34839a819694e64cd921566a68c9f48d72
239,a27bf6d836ec615a114acf8925fae671ff40110d413ed4b29578ccc84aa3557b
240,e50f363887be401837b02410966c0ef3910c55fbbab332076622a45ff6362a9b
241,cce919c3cead11b6df93f2d8262ca2b872c9d286f4070709c49d99f89f0c7e9f
242,9101e3f6e6cd3ea643811e719c9988482ff28e372f329888ada560c9a43f94ae
243,0056094f8bfc14b31f42c8e289e8b5c3b86377ed003868d1b94c0b99ffc60987
244,13a729a308bf7150cfd80d850a3dc04133d1322b48316386452695d785dff4e1
245,27329d6fd027f09342d8cea132cab16cac6ae76f431dc7d5a5d59ab47d4f97de
246,5d766f59c5f35d586684390d9e979839832e5c84864b728f5709e7c990269d19
247,37040b54e1fd958aa2f0338d30445085c4696b247655410c36bf1f8f98b6ce9b
248,ebbdfa66540969864f2ed34d9fbfe58f0152d26a2aa3d02d28e795b0541358e5
249,e9de681430afd076803b4f0a30a86aaec8803451056047f85b2f61e6051b18af
250,2cc5bed5f0a8bd1da022b3f3731c0346462e322438bd0466356900c4e4ad4572
251,addf8d13cf7f0e3f050a79b30f4e143d2fc7e8742a103b8b372b93968beba7b1
252,28148691339fc18683ac9878477d1a67cb7eef5e6a352251b2eea3445b8af794
253,0abe0a3b1fd81272417471e7e5cc489b234a9f84909b019d5f63af702b4058c5
254,6673af52dc2a11f53b268c5e14eef48e38dfbb7dca17011e196838d1eca94105
255,09484129d1f4d0a46c548c6b152d4af630cfca69db1fee488a0cd21c3ac0af80
256,56f465e53a5bc176eb4b689dbccbc43ac5c60332901cf8ef4afdcd1877fc28a3
257,b9076da6f1d8220719150859b4f8a8b6d36dc7337f3f1a8f5eab48e5e753fdbe
258,5ab9180b674bb8340f70caaad7ee9a04e408e290b59f475f1cbc1c3a1fc30a22
259,cb135b9103c23f6ecfa6c126da52875115c262c85fc768480c10880f0ec09bba
260,bbef4e0d3ced049c25696ed879e7b58ebe2e2664a5e907644ecff8b575edb62f
261,6a2b2b59068de555d3fedc2ee972c6af7fef0c7a8c56ca327c5ab067be9b18c0
262,8d394f62830cb12e0e0577fd8b4a3620fb3d8d2744b2a6789da99c49892b2920
263,9e5fbd79d8febe7a162cd5200041772db60dc83244605b1ff37ef8d14334f512
264,16134b598ac3169de9c259d88c1fa1b1ad74be7c9f28254e36b85d9c9122358c
265,eb88bf02a9fd767ac1bd4f4563817cdc85ede1dc253d8c27fd9eb83c937f2a87
266,12601607245a7c149b50fdd6b93aabca6d0aa176efacd11f495ec9f41ce59ae7
267,745094173145eab7c6e3c12e7c2d8715b76f3860e6c4bfec8fac2355d56e823a
268,2b9daf19c6c71df3abc980a209c5aad5b7f61a5a7b40f2818a892681ff58ede5
269,505babb96fd77d35c377e87d0bb5c68c45a3a33b02befe35b06f561bd2993b87
270,ae2662832373df5321d424dc36e819758a116407b5a3142efe9a7da4ac17590c
271,7b8050a089359353328de38992be8076793c2008436cf0fb8650247f9164d032
272,accf317b185d61fcba51b95d2985905d930cdb6cccb00b26e0e5b6ad5270e668
273,21a40213e47bb27bef76a18e07ddc2d6ba7c7a3ed1d331f39f1399b4fdd47a1e
274,6cd6abeccf5e7f8507d209eafb8a1a77f2bd4fe679dd633725759f0a7385500c
275,9dda46315b16a62206408b8c195575c1d9843cb4c428cc6df8fa732d75bac49b
276,93b22dbb67de0a1656ef35e6fc4c3df1fa71195843af9468a8b9b8172002570c
277,c42eb9ca172539eb7f782128e62708bbf54bb42da8ff6e4be79d8ed971ec1327
278,ffa4d179649e2a5e2d98b6ec2fac86a7349abecc7319de2c4661006a635cf316
279,3ac3c5013f72db8f5faf5568419533c4857447143c2bfe8c5c744be7816f40fb
280,ec714154fff5cafaba66c661167465134e129e97d81a075e94b1b9606970c743
281,57d0ccfffc5089dcc17403ff9cfeebf9dcd72a329fb318f439fd29a5dd0e9da9
282,a957fbdc83c3ea4168948c2bbf70c461eab1f8ddd3c2291ea3391363ff3f934d
283,1fbd6e3eb93c56b0d3444a7db8192132c8fef11eeb50f2435434db4e911747e1
284,a95bbc1f067783c1107566ed7897549f6504d5367b8282efe6f06dc31414c314
285,c9c32da5952a8ea3cf205d058fb70401e86638f8eff5a27080d954f0c3263001
286,04da09cf44c6914445c2dbd9f179cb1bb6d4f02cd21d5314c9b5b05787643679
287,cb8f42a76c6fe2e52d51d56dccc9d2faf89319bfbe018aa26b5160916e0a5333
288,e93eead90fd479a24643851df1308e813b67962efd4abfdd3fde37ce3857323c
289,93d73da920c6800eb92e16f8f130aa3c7097daf4b3b446f1e15ce75c05b53496
290,d304a746e5916ece841839f85eded0c0e819bd7a342f6e4b3221eed28e1527a1
291,3210142cee6aea4a2568c2ca71d5351919a86178ead45ef1cc2edd5c51d935bd
292,16f29287ffbb00a4e1f92241fcdac2cb9142ffd2504a670a20cb37fe79bedc17
293,8ef51cc75d2ed42caef11705e4240d014e7ed91d648b1301c2ea8ac42f47c7e3
294,4e2f8e931cded23e259ff0bb10daca173ae4a2865c7e7bb4cc632af6809ddb70
295,788884332fc1c199107310ff5b6af4d8605ff3bdd5e67f6a4bc5db55a03321b1
296,e47dafbb7b7489468873fe033c511fca577e207860ed3926b73b69003f9e9f81
297,0c0e3ae55e1c704121bb06ec3181f86c824b104ac6ef07e02a711ea68b6332e1
298,05b0a372e04b125c3ea7e3d2d025956277fd1672746f29c9c7b5439421013a71
299,c11e2306a7926e55f4b2fcbbe7307690059572f1857724bd4aaa7974be6a4b56
300,88dbd3c3f6185ac174a72f977af433aec926986eb16fe4bbe934154a34e7c343
301,652bddd6257d942b9f3761563e82de5d09e9f298826f64acee8c5571a16a5541
302,92f132e02cff7d0d15d1043249de2c48f3a04939d5311ab415d3493c586aa30a
303,ff8f70abd9f0ff324435ee941998f481ecf582741718ac8957056512962d54a7
304,00631680925009431247144f010fb6af4c92696cbf281daa12105c103f35b901
305,b2ffa9dc498f84be8fac026a6467b1d8b8e8276357ff4451a2a0fd7b13439eb8
306,15423158505640a86e0810d75dfb18c0e9b7c92d1a19a53ac66720c049e20ee2
307,54852efc399d0c4cd48f15212dbb84742c1fdefc47f8dcb0d32ed3344ae45eec
308,b39281e3d39d8d455d47f149863d9a60df82447f142f6039fcd48f8f2e026c1e
309,d2a8378110297c165e81ba608344589781aa79752db054643bfc7fff5021a42f
310,037a2788f3dc5316b46cbfcdfbaa74b7f2ecd4b739a7b66d7b923bf7c63d0b0d
311,d2cf8236d01d90b1dec7d1b28ed9d1370092478efcf2b7342c3bae45e34e7e15
312,b066282209652ab35d7f93ce103b33b06a10e9d4b74e1ea3263466e2789b422d
313,c92fcbe18be75c3436541b18c5f19e41bee5c4282873f83aca8965cf534a686f
314,c62747382ca6e7905ccfd7840684027c8d1d9b22344d69001b3e4e3bda829fc9
315,774c116703285a98b74dee82674daa7d179324b0b862f12ae01049e7e10589d3
316,a1a19de914caab6fe20363e9110b05c5e2851311d5def1a7ef2be087d0b9f5b4
317,a0b187cdbefba001c16a1af9018a4f693e245b9e426d2b8a6f427a2123deeec0
318,e703ef1351bb81d611d72fd1b9fd10898b3042b4049ded25a7d39d1d402c353b
319,242bd99264985a389292c2e476c6648c98940fe3d6286bfcc1a9da2cafa62148
320,6529257564e4686e9a974c5d43b0c0d10e280c21a1e4ccc5da15aab1f404d8d5
321,f0c4f926a74b1f055a7b0508b52996bbdb9bf125e25a0b16320f9b046428917a
322,33b8180e61b2e9470ffdd36232ea0f65af323aac7abeae3237ed8e8636aa7b8a
323,b3b3cac20d93f097b20731511a3adec923f5e806e1987c5713d840e335e55b66
324,a392e68fa1db0dd8791a8ada2279bf972048e46f2a55ad1071caed1854802d56
325,a81fec166f21ec173c4aae58c5c7d042a2097de298b56d6b9a897395e5e256f0
326,fb560537ab629b472f74f9b754a14c4519ae5343c791afa70eebd6253c0006af
327,8f576b33f16a2e79bc6b3493757fc1e01673d805344ac94cb1a8d6d649abb1aa
328,d49b901a54f142e5898ab5dc9bd26edd29f71a1058ddcc738a42c29a3980cd86
329,af19f70ca722e4e8f5aeb85e0ed34a6bd91ce60a74ee12a62309dc7396e9e15f
330,58901c19f7d9db3e96acd1617e2eeb02c6a0fc4f9ccda0c3a1235824df3e85c4
331,8095d3523fdffaa18535f016cc8e6ce30d8d088d7e5bb8b31b3a555b6efd76e4
332,ecf1ccadfc3ad06a6e052cd2dfa848b62484aa7a3b904c6b6af2b4d1cf8dde4d
333,557a54b80356f434d5c4e1748998ce1e6cf6f648d0522dd67974c3e78e153128
334,9a907d43e036f79807868aa1cbd11982f0e721061d868b41c2f8d7b3cc0ddd65
335,66cbea0904723cb0cc99025739839bbaedf5aec803f5daf9dfb4c101be1e8b5c
336,46468fc4fcdfdd235e7fd0121626f781a78c4543ca682338460517fbaaf006b1
337,fd113394c31c49d4096adc240e24bd1f13e3450b798f658c95a4d741ae501dca
338,d3cba5dcdd6eca4ab2507c2fc1f1f524205d15fd06230163beac3154785c4055
339,7d7d65725d27a5580a036c4f41762f61d943cf47b3002df759fcc1cac2dacf98
340,ca65bbdf4efda69bb78c88e05b49d9cb9421e45ed2e9398201cc2f88469dbfc3
341,845d0e178aeebd6c7e2a2e9697b2bf6cf02028c50c288b3ba88fe2918ea2834a
342,ca9e37217b86ccbbc1570decd97c3ee4f141e120c38d3569d9bfed885c28cc2f
343,2bcc602c4824d9078acdeed10bd39524212d0e845b4b0774ad3cdafdb505dc0f
344,addf8d13cf7f0e3f050a79b30f4e143d2fc7e8742a103b8b372b93968beba7b1
345,505babb96fd77d35c377e87d0bb5c68c45a3a33b02befe35b06f561bd2993b87
346,accf317b185d61fcba51b95d2985905d930cdb6cccb00b26e0e5b6ad5270e668
347,267be84e247752c36aa4cb23ff7e0ad930071b43b12f715a31ad0ec334ac6ae8
348,4ae5f50160f0a324ec2b456048fc74a456b83815f118ee01fce20855c7fd2281
